<?xml version="1.0" encoding="UTF-8"?>
<oembed>
  <author_name>Pouya Saadeghi</author_name>
  <author_url>https://stackblitz.com/@saadeghi</author_url>
  <height type="integer">400</height>
  <html>&lt;iframe src="https://stackblitz.com/edit/react-checkbox-localstorage?embed=1&amp;amp;file=src%2FApp.js" height="400" width="745"&gt;&lt;/iframe&gt;</html>
  <provider_name>StackBlitz</provider_name>
  <provider_url>https://stackblitz.com</provider_url>
  <title>react-checkbox-localstorage - StackBlitz</title>
  <type>rich</type>
  <version>1.0</version>
  <width type="integer">745</width>
</oembed>
